"source_id","source_name","source_path","status","primary_role","important_file_count","copied_file_count","skipped_heavy_count","summary_path"
"01","Squeaky School","D:\Squeaky School","reference-archive","living archive/reference","25","25","5","sources/01_squeaky_school/SUMMARY.md"
"02","HIVE P0 Fast Parallel Agent Build","D:\HIVE_P0_FAST_PARALLEL_AGENT_BUILD","implementation-context","implementation/build package","18","18","3","sources/02_hive_p0_fast_parallel_agent_build/SUMMARY.md"
"03","Recovered Handoff Review","D:\Squeaky School_recovered_handoff_review","review-material","review pass","12","12","0","sources/03_recovered_handoff_review/SUMMARY.md"
"04","Doctrine Decision Pass","D:\Squeaky School_recovered_handoff_review_doctrine_decision_pass","review-material","doctrine decision review","8","8","0","sources/04_doctrine_decision_pass/SUMMARY.md"
"05","Schema Patch Proposal Pass","D:\Squeaky School_recovered_handoff_review_schema_patch_proposal_pass","proposal-review","schema proposal review","8","8","0","sources/05_schema_patch_proposal_pass/SUMMARY.md"
"06","Schema Reconciliation Pass","D:\Squeaky School_recovered_handoff_review_schema_reconciliation_pass","review-material","schema reconciliation review","7","7","0","sources/06_schema_reconciliation_pass/SUMMARY.md"
"07","SqueakyBot","D:\SqueakyBot","implementation-context","implementation/tooling project","12","12","1","sources/07_squeakybot/SUMMARY.md"
"08","Consus Rust Toolbox Phase 2 Expanded Tasks","D:\CONSUS_RUST_TOOLBOX_PHASE2_EXPANDED_TASKS_20260602","planning-draft","expanded future tasks","6","6","7","sources/08_consus_expanded_tasks/SUMMARY.md"
"09","Consus Rust Toolbox Phase 2 Accepted Checkpoint","D:\CONSUS_RUST_TOOLBOX_PHASE2_ACCEPTED_CHECKPOINT_20260602","accepted-checkpoint","accepted checkpoint","110","110","0","sources/09_consus_accepted_checkpoint/SUMMARY.md"
